username,messageable
Sudden-Pineapple-793,True
Secret_Owl2371,True
brilliantminion,True
scottabeer,True
carcigenicate,True
Zerk_Z,True
RockPhily,True
therealbatman420,True
besmin,True
Slothemo,True
Ok-Bit8368,True
Old_Quarter9810,True
TarraKhash,True
Miiicahhh,True
Aopap,True
eleqtriq,True
coke1017,True
otoko_no_quinn,True
runitzerotimes,True
BidWestern1056,True
hareesh60,True
necrohobo,True
hantt,True
TripleBogeyBandit,True
DNA-Decay,True
cjgames,True
sirmanleypower,True
Grouchy-Cream-2310,True
unhott,True
scrdest,True
danielroseman,True
crashfrog04,True
memermaker5,True
NoYouAreTheFBI,True
Helpful_Home_8531,True
dreaming_fithp,True
Lsa7to5,True
udi503,True
lfdfq,True
BodybuilderKnown5460,True
OGinkki,True
Lord_Cheesy,True
DownwardSpirals,True
StevenSavant,True
somethingLethal,True
HolidayEmphasis4345,True
Whiskey_n_Wisdom,True
Seven_Minute_Abs_,True
scottywottytotty,True
Eastern_Canary2150,True
k0rv0m0s,True
EspaaValorum,True
AutoModerator,True
Complex_Medium_7125,True
XTPotato_,True
EelOnMosque,True
Wartz,True
Diapolo10,True
VEMODMASKINEN,True
audionerd1,True
ChizuruEnjoyer,True
OpenGrainAxehandle,True
FeelingRun5149,True
0xP3N15,True
Previous_Kale_4508,True
LeiterHaus,True
sun_PHD,True
1544756405,True
rockinvet02,True
FourFingerLouie,True
acw1668,True
mingimihkel,True
baronmcboomboom,True
FriendlyRussian666,True
Jello_Penguin_2956,True
annonyj,True
MrBarret63,True
JoinFasesAcademy,True
mothzilla,True
Savings_Durian3268,True
NovaShifted,True
SisyphusAndMyBoulder,True
Kahless_2K,True
PollutionPrevious728,True
yagizbasoglu,True
NlNTENDO,True
Patman52,True
FoolsSeldom,True
dmihaylov,True
Ron-Erez,True
